-- Insert categories
INSERT INTO categories (Id, Name) VALUES (1, 'Music');
INSERT INTO categories (Id, Name) VALUES (2, 'Movie');
INSERT INTO categories (Id, Name) VALUES (3, 'Game');
-- Insert genres
INSERT INTO genres (Id, Name, CategoryId) VALUES (1, 'Pop', 1);
INSERT INTO genres (Id, Name, CategoryId) VALUES (2, 'Rock', 1);
INSERT INTO genres (Id, Name, CategoryId) VALUES (3, 'Jazz', 1);
INSERT INTO genres (Id, Name, CategoryId) VALUES (4, 'Hip-hop', 1);
INSERT INTO genres (Id, Name, CategoryId) VALUES (5, 'Classical', 1);
INSERT INTO genres (Id, Name, CategoryId) VALUES (6, 'EDM', 1);
INSERT INTO genres (Id, Name, CategoryId) VALUES (7, 'Metal', 1);
INSERT INTO genres (Id, Name, CategoryId) VALUES (8, 'Blues', 1);
INSERT INTO genres (Id, Name, CategoryId) VALUES (9, 'Reggae', 1);
INSERT INTO genres (Id, Name, CategoryId) VALUES (10, 'Country', 1);
INSERT INTO genres (Id, Name, CategoryId) VALUES (11, 'Action', 2);
INSERT INTO genres (Id, Name, CategoryId) VALUES (12, 'Comedy', 2);
INSERT INTO genres (Id, Name, CategoryId) VALUES (13, 'Drama', 2);
INSERT INTO genres (Id, Name, CategoryId) VALUES (14, 'Horror', 2);
INSERT INTO genres (Id, Name, CategoryId) VALUES (15, 'Sci-Fi', 2);
INSERT INTO genres (Id, Name, CategoryId) VALUES (16, 'Romance', 2);
INSERT INTO genres (Id, Name, CategoryId) VALUES (17, 'Thriller', 2);
INSERT INTO genres (Id, Name, CategoryId) VALUES (18, 'Animation', 2);
INSERT INTO genres (Id, Name, CategoryId) VALUES (19, 'Fantasy', 2);
INSERT INTO genres (Id, Name, CategoryId) VALUES (20, 'Documentary', 2);
INSERT INTO genres (Id, Name, CategoryId) VALUES (21, 'RPG', 3);
INSERT INTO genres (Id, Name, CategoryId) VALUES (22, 'Shooter', 3);
INSERT INTO genres (Id, Name, CategoryId) VALUES (23, 'Strategy', 3);
INSERT INTO genres (Id, Name, CategoryId) VALUES (24, 'Simulation', 3);
INSERT INTO genres (Id, Name, CategoryId) VALUES (25, 'Puzzle', 3);
INSERT INTO genres (Id, Name, CategoryId) VALUES (26, 'Sports', 3);
INSERT INTO genres (Id, Name, CategoryId) VALUES (27, 'Racing', 3);
INSERT INTO genres (Id, Name, CategoryId) VALUES (28, 'Adventure', 3);
INSERT INTO genres (Id, Name, CategoryId) VALUES (29, 'Fighting', 3);
INSERT INTO genres (Id, Name, CategoryId) VALUES (30, 'Indie', 3);
-- Insert creators
INSERT INTO creators (Id, Name, Type) VALUES (1, 'Artist 1', 'Artist');
INSERT INTO creators (Id, Name, Type) VALUES (11, 'Producer 1', 'Producer');
INSERT INTO creators (Id, Name, Type) VALUES (21, 'Studio 1', 'Studio');
INSERT INTO creators (Id, Name, Type) VALUES (2, 'Artist 2', 'Artist');
INSERT INTO creators (Id, Name, Type) VALUES (12, 'Producer 2', 'Producer');
INSERT INTO creators (Id, Name, Type) VALUES (22, 'Studio 2', 'Studio');
INSERT INTO creators (Id, Name, Type) VALUES (3, 'Artist 3', 'Artist');
INSERT INTO creators (Id, Name, Type) VALUES (13, 'Producer 3', 'Producer');
INSERT INTO creators (Id, Name, Type) VALUES (23, 'Studio 3', 'Studio');
INSERT INTO creators (Id, Name, Type) VALUES (4, 'Artist 4', 'Artist');
INSERT INTO creators (Id, Name, Type) VALUES (14, 'Producer 4', 'Producer');
INSERT INTO creators (Id, Name, Type) VALUES (24, 'Studio 4', 'Studio');
INSERT INTO creators (Id, Name, Type) VALUES (5, 'Artist 5', 'Artist');
INSERT INTO creators (Id, Name, Type) VALUES (15, 'Producer 5', 'Producer');
INSERT INTO creators (Id, Name, Type) VALUES (25, 'Studio 5', 'Studio');
INSERT INTO creators (Id, Name, Type) VALUES (6, 'Artist 6', 'Artist');
INSERT INTO creators (Id, Name, Type) VALUES (16, 'Producer 6', 'Producer');
INSERT INTO creators (Id, Name, Type) VALUES (26, 'Studio 6', 'Studio');
INSERT INTO creators (Id, Name, Type) VALUES (7, 'Artist 7', 'Artist');
INSERT INTO creators (Id, Name, Type) VALUES (17, 'Producer 7', 'Producer');
INSERT INTO creators (Id, Name, Type) VALUES (27, 'Studio 7', 'Studio');
INSERT INTO creators (Id, Name, Type) VALUES (8, 'Artist 8', 'Artist');
INSERT INTO creators (Id, Name, Type) VALUES (18, 'Producer 8', 'Producer');
INSERT INTO creators (Id, Name, Type) VALUES (28, 'Studio 8', 'Studio');
INSERT INTO creators (Id, Name, Type) VALUES (9, 'Artist 9', 'Artist');
INSERT INTO creators (Id, Name, Type) VALUES (19, 'Producer 9', 'Producer');
INSERT INTO creators (Id, Name, Type) VALUES (29, 'Studio 9', 'Studio');
INSERT INTO creators (Id, Name, Type) VALUES (10, 'Artist 10', 'Artist');
INSERT INTO creators (Id, Name, Type) VALUES (20, 'Producer 10', 'Producer');
INSERT INTO creators (Id, Name, Type) VALUES (30, 'Studio 10', 'Studio');
-- Insert products
INSERT INTO products (Id, Title, Image, Price, Description, Available, Stock, CategoryId, CreatorId, HeroSection, YoutubeTrailerLink) VALUES (1, 'Music Product 1', 'https://picsum.photos/seed/1/300/300', 12.5, 'Description for Music Product 1', 1, 10, 1, 2, 0, 'https://www.youtube.com/watch?v=dQw4w9WgXcQ');
INSERT INTO products (Id, Title, Image, Price, Description, Available, Stock, CategoryId, CreatorId, HeroSection, YoutubeTrailerLink) VALUES (2, 'Music Product 2', 'https://picsum.photos/seed/2/300/300', 15.0, 'Description for Music Product 2', 1, 20, 1, 3, 0, 'https://www.youtube.com/watch?v=dQw4w9WgXcQ');
INSERT INTO products (Id, Title, Image, Price, Description, Available, Stock, CategoryId, CreatorId, HeroSection, YoutubeTrailerLink) VALUES (3, 'Music Product 3', 'https://picsum.photos/seed/3/300/300', 17.5, 'Description for Music Product 3', 1, 30, 1, 4, 0, 'https://www.youtube.com/watch?v=dQw4w9WgXcQ');
INSERT INTO products (Id, Title, Image, Price, Description, Available, Stock, CategoryId, CreatorId, HeroSection, YoutubeTrailerLink) VALUES (4, 'Music Product 4', 'https://picsum.photos/seed/4/300/300', 20.0, 'Description for Music Product 4', 1, 40, 1, 5, 0, 'https://www.youtube.com/watch?v=dQw4w9WgXcQ');
INSERT INTO products (Id, Title, Image, Price, Description, Available, Stock, CategoryId, CreatorId, HeroSection, YoutubeTrailerLink) VALUES (5, 'Music Product 5', 'https://picsum.photos/seed/5/300/300', 22.5, 'Description for Music Product 5', 1, 50, 1, 6, 0, 'https://www.youtube.com/watch?v=dQw4w9WgXcQ');
INSERT INTO products (Id, Title, Image, Price, Description, Available, Stock, CategoryId, CreatorId, HeroSection, YoutubeTrailerLink) VALUES (6, 'Music Product 6', 'https://picsum.photos/seed/6/300/300', 25.0, 'Description for Music Product 6', 1, 60, 1, 7, 0, 'https://www.youtube.com/watch?v=dQw4w9WgXcQ');
INSERT INTO products (Id, Title, Image, Price, Description, Available, Stock, CategoryId, CreatorId, HeroSection, YoutubeTrailerLink) VALUES (7, 'Music Product 7', 'https://picsum.photos/seed/7/300/300', 27.5, 'Description for Music Product 7', 1, 70, 1, 8, 0, 'https://www.youtube.com/watch?v=dQw4w9WgXcQ');
INSERT INTO products (Id, Title, Image, Price, Description, Available, Stock, CategoryId, CreatorId, HeroSection, YoutubeTrailerLink) VALUES (8, 'Music Product 8', 'https://picsum.photos/seed/8/300/300', 30.0, 'Description for Music Product 8', 1, 80, 1, 9, 0, 'https://www.youtube.com/watch?v=dQw4w9WgXcQ');
INSERT INTO products (Id, Title, Image, Price, Description, Available, Stock, CategoryId, CreatorId, HeroSection, YoutubeTrailerLink) VALUES (9, 'Music Product 9', 'https://picsum.photos/seed/9/300/300', 32.5, 'Description for Music Product 9', 1, 90, 1, 10, 0, 'https://www.youtube.com/watch?v=dQw4w9WgXcQ');
INSERT INTO products (Id, Title, Image, Price, Description, Available, Stock, CategoryId, CreatorId, HeroSection, YoutubeTrailerLink) VALUES (10, 'Music Product 10', 'https://picsum.photos/seed/10/300/300', 35.0, 'Description for Music Product 10', 1, 100, 1, 1, 0, 'https://www.youtube.com/watch?v=dQw4w9WgXcQ');
INSERT INTO products (Id, Title, Image, Price, Description, Available, Stock, CategoryId, CreatorId, HeroSection, YoutubeTrailerLink) VALUES (11, 'Movie Product 1', 'https://picsum.photos/seed/11/300/300', 12.5, 'Description for Movie Product 1', 1, 10, 2, 12, 0, 'https://www.youtube.com/watch?v=dQw4w9WgXcQ');
INSERT INTO products (Id, Title, Image, Price, Description, Available, Stock, CategoryId, CreatorId, HeroSection, YoutubeTrailerLink) VALUES (12, 'Movie Product 2', 'https://picsum.photos/seed/12/300/300', 15.0, 'Description for Movie Product 2', 1, 20, 2, 13, 0, 'https://www.youtube.com/watch?v=dQw4w9WgXcQ');
INSERT INTO products (Id, Title, Image, Price, Description, Available, Stock, CategoryId, CreatorId, HeroSection, YoutubeTrailerLink) VALUES (13, 'Movie Product 3', 'https://picsum.photos/seed/13/300/300', 17.5, 'Description for Movie Product 3', 1, 30, 2, 14, 0, 'https://www.youtube.com/watch?v=dQw4w9WgXcQ');
INSERT INTO products (Id, Title, Image, Price, Description, Available, Stock, CategoryId, CreatorId, HeroSection, YoutubeTrailerLink) VALUES (14, 'Movie Product 4', 'https://picsum.photos/seed/14/300/300', 20.0, 'Description for Movie Product 4', 1, 40, 2, 15, 0, 'https://www.youtube.com/watch?v=dQw4w9WgXcQ');
INSERT INTO products (Id, Title, Image, Price, Description, Available, Stock, CategoryId, CreatorId, HeroSection, YoutubeTrailerLink) VALUES (15, 'Movie Product 5', 'https://picsum.photos/seed/15/300/300', 22.5, 'Description for Movie Product 5', 1, 50, 2, 16, 0, 'https://www.youtube.com/watch?v=dQw4w9WgXcQ');
INSERT INTO products (Id, Title, Image, Price, Description, Available, Stock, CategoryId, CreatorId, HeroSection, YoutubeTrailerLink) VALUES (16, 'Movie Product 6', 'https://picsum.photos/seed/16/300/300', 25.0, 'Description for Movie Product 6', 1, 60, 2, 17, 0, 'https://www.youtube.com/watch?v=dQw4w9WgXcQ');
INSERT INTO products (Id, Title, Image, Price, Description, Available, Stock, CategoryId, CreatorId, HeroSection, YoutubeTrailerLink) VALUES (17, 'Movie Product 7', 'https://picsum.photos/seed/17/300/300', 27.5, 'Description for Movie Product 7', 1, 70, 2, 18, 0, 'https://www.youtube.com/watch?v=dQw4w9WgXcQ');
INSERT INTO products (Id, Title, Image, Price, Description, Available, Stock, CategoryId, CreatorId, HeroSection, YoutubeTrailerLink) VALUES (18, 'Movie Product 8', 'https://picsum.photos/seed/18/300/300', 30.0, 'Description for Movie Product 8', 1, 80, 2, 19, 0, 'https://www.youtube.com/watch?v=dQw4w9WgXcQ');
INSERT INTO products (Id, Title, Image, Price, Description, Available, Stock, CategoryId, CreatorId, HeroSection, YoutubeTrailerLink) VALUES (19, 'Movie Product 9', 'https://picsum.photos/seed/19/300/300', 32.5, 'Description for Movie Product 9', 1, 90, 2, 20, 0, 'https://www.youtube.com/watch?v=dQw4w9WgXcQ');
INSERT INTO products (Id, Title, Image, Price, Description, Available, Stock, CategoryId, CreatorId, HeroSection, YoutubeTrailerLink) VALUES (20, 'Movie Product 10', 'https://picsum.photos/seed/20/300/300', 35.0, 'Description for Movie Product 10', 1, 100, 2, 11, 0, 'https://www.youtube.com/watch?v=dQw4w9WgXcQ');
INSERT INTO products (Id, Title, Image, Price, Description, Available, Stock, CategoryId, CreatorId, HeroSection, YoutubeTrailerLink) VALUES (21, 'Game Product 1', 'https://picsum.photos/seed/21/300/300', 12.5, 'Description for Game Product 1', 1, 10, 3, 22, 0, 'https://www.youtube.com/watch?v=dQw4w9WgXcQ');
INSERT INTO products (Id, Title, Image, Price, Description, Available, Stock, CategoryId, CreatorId, HeroSection, YoutubeTrailerLink) VALUES (22, 'Game Product 2', 'https://picsum.photos/seed/22/300/300', 15.0, 'Description for Game Product 2', 1, 20, 3, 23, 0, 'https://www.youtube.com/watch?v=dQw4w9WgXcQ');
INSERT INTO products (Id, Title, Image, Price, Description, Available, Stock, CategoryId, CreatorId, HeroSection, YoutubeTrailerLink) VALUES (23, 'Game Product 3', 'https://picsum.photos/seed/23/300/300', 17.5, 'Description for Game Product 3', 1, 30, 3, 24, 0, 'https://www.youtube.com/watch?v=dQw4w9WgXcQ');
INSERT INTO products (Id, Title, Image, Price, Description, Available, Stock, CategoryId, CreatorId, HeroSection, YoutubeTrailerLink) VALUES (24, 'Game Product 4', 'https://picsum.photos/seed/24/300/300', 20.0, 'Description for Game Product 4', 1, 40, 3, 25, 0, 'https://www.youtube.com/watch?v=dQw4w9WgXcQ');
INSERT INTO products (Id, Title, Image, Price, Description, Available, Stock, CategoryId, CreatorId, HeroSection, YoutubeTrailerLink) VALUES (25, 'Game Product 5', 'https://picsum.photos/seed/25/300/300', 22.5, 'Description for Game Product 5', 1, 50, 3, 26, 0, 'https://www.youtube.com/watch?v=dQw4w9WgXcQ');
INSERT INTO products (Id, Title, Image, Price, Description, Available, Stock, CategoryId, CreatorId, HeroSection, YoutubeTrailerLink) VALUES (26, 'Game Product 6', 'https://picsum.photos/seed/26/300/300', 25.0, 'Description for Game Product 6', 1, 60, 3, 27, 0, 'https://www.youtube.com/watch?v=dQw4w9WgXcQ');
INSERT INTO products (Id, Title, Image, Price, Description, Available, Stock, CategoryId, CreatorId, HeroSection, YoutubeTrailerLink) VALUES (27, 'Game Product 7', 'https://picsum.photos/seed/27/300/300', 27.5, 'Description for Game Product 7', 1, 70, 3, 28, 0, 'https://www.youtube.com/watch?v=dQw4w9WgXcQ');
INSERT INTO products (Id, Title, Image, Price, Description, Available, Stock, CategoryId, CreatorId, HeroSection, YoutubeTrailerLink) VALUES (28, 'Game Product 8', 'https://picsum.photos/seed/28/300/300', 30.0, 'Description for Game Product 8', 1, 80, 3, 29, 0, 'https://www.youtube.com/watch?v=dQw4w9WgXcQ');
INSERT INTO products (Id, Title, Image, Price, Description, Available, Stock, CategoryId, CreatorId, HeroSection, YoutubeTrailerLink) VALUES (29, 'Game Product 9', 'https://picsum.photos/seed/29/300/300', 32.5, 'Description for Game Product 9', 1, 90, 3, 30, 0, 'https://www.youtube.com/watch?v=dQw4w9WgXcQ');
INSERT INTO products (Id, Title, Image, Price, Description, Available, Stock, CategoryId, CreatorId, HeroSection, YoutubeTrailerLink) VALUES (30, 'Game Product 10', 'https://picsum.photos/seed/30/300/300', 35.0, 'Description for Game Product 10', 1, 100, 3, 21, 0, 'https://www.youtube.com/watch?v=dQw4w9WgXcQ');
-- Insert product_genress
INSERT INTO product_genres (ProductId, GenreId) VALUES (1, 2);
INSERT INTO product_genres (ProductId, GenreId) VALUES (2, 3);
INSERT INTO product_genres (ProductId, GenreId) VALUES (3, 4);
INSERT INTO product_genres (ProductId, GenreId) VALUES (3, 5);
INSERT INTO product_genres (ProductId, GenreId) VALUES (4, 5);
INSERT INTO product_genres (ProductId, GenreId) VALUES (5, 6);
INSERT INTO product_genres (ProductId, GenreId) VALUES (6, 7);
INSERT INTO product_genres (ProductId, GenreId) VALUES (6, 8);
INSERT INTO product_genres (ProductId, GenreId) VALUES (7, 8);
INSERT INTO product_genres (ProductId, GenreId) VALUES (8, 9);
INSERT INTO product_genres (ProductId, GenreId) VALUES (9, 10);
INSERT INTO product_genres (ProductId, GenreId) VALUES (9, 1);
INSERT INTO product_genres (ProductId, GenreId) VALUES (10, 1);
INSERT INTO product_genres (ProductId, GenreId) VALUES (11, 12);
INSERT INTO product_genres (ProductId, GenreId) VALUES (12, 13);
INSERT INTO product_genres (ProductId, GenreId) VALUES (13, 14);
INSERT INTO product_genres (ProductId, GenreId) VALUES (13, 15);
INSERT INTO product_genres (ProductId, GenreId) VALUES (14, 15);
INSERT INTO product_genres (ProductId, GenreId) VALUES (15, 16);
INSERT INTO product_genres (ProductId, GenreId) VALUES (16, 17);
INSERT INTO product_genres (ProductId, GenreId) VALUES (16, 18);
INSERT INTO product_genres (ProductId, GenreId) VALUES (17, 18);
INSERT INTO product_genres (ProductId, GenreId) VALUES (18, 19);
INSERT INTO product_genres (ProductId, GenreId) VALUES (19, 20);
INSERT INTO product_genres (ProductId, GenreId) VALUES (19, 11);
INSERT INTO product_genres (ProductId, GenreId) VALUES (20, 11);
INSERT INTO product_genres (ProductId, GenreId) VALUES (21, 22);
INSERT INTO product_genres (ProductId, GenreId) VALUES (22, 23);
INSERT INTO product_genres (ProductId, GenreId) VALUES (23, 24);
INSERT INTO product_genres (ProductId, GenreId) VALUES (23, 25);
INSERT INTO product_genres (ProductId, GenreId) VALUES (24, 25);
INSERT INTO product_genres (ProductId, GenreId) VALUES (25, 26);
INSERT INTO product_genres (ProductId, GenreId) VALUES (26, 27);
INSERT INTO product_genres (ProductId, GenreId) VALUES (26, 28);
INSERT INTO product_genres (ProductId, GenreId) VALUES (27, 28);
INSERT INTO product_genres (ProductId, GenreId) VALUES (28, 29);
INSERT INTO product_genres (ProductId, GenreId) VALUES (29, 30);
INSERT INTO product_genres (ProductId, GenreId) VALUES (29, 21);
INSERT INTO product_genres (ProductId, GenreId) VALUES (30, 21);